title,description,category,experienceLevel,type,applicationEmail,applicationUrl,companyName,companyImage,city,stateAbbreviation,locationRequirement,wage,createdAt,companyLogoS3
Recrutement EM ÉNERGIE,"<p>EM ÉNERGIE, entreprise spécialisée dans le secteur de l'énergie, recrute plusieurs profils techniques et de management de projet pour rejoindre nos équipes dynamiques. Nos postes sont basés à Casablanca, Kénitra, Tanger, Safi, Youssoufia et Bouskoura.</p> <p>Nous recherchons des candidats motivés et passionnés pour assurer la gestion et la mise en œuvre de projets d'envergure.</p> <ul> <li><strong>Postes disponibles :</strong> Ingénieurs, chefs de projet, techniciens spécialisés.</li> <li><strong>Qualifications requises :</strong> Diplôme en ingénierie ou domaine similaire, expérience en gestion de projet.</li> <li><strong>Compétences recherchées :</strong> Capacité d'adaptation, excellent sens de la communication, esprit d'équipe.</li> </ul> <p>Rejoindre EM ÉNERGIE, c'est participer à des projets innovants et contribuer à un avenir énergétique durable.</p>",Tech,mid_level,full_time,recrutement@em-energie.ma,,EM ÉNERGIE,https://www.dreamjob.ma/wp-content/uploads/2024/12/EM-Energie.png,Casablanca,CAS,hybrid,3621,2025-11-08T17:52:39.125978+00:00,https://serrbi-main-file-bucket.s3.amazonaws.com/company_logos/em-énergie.png
Concepteur Mécanique,"<p>SEGULA Technologies Maroc, acteur majeur de l'ingénierie et du conseil en innovation, recrute des Concepteurs Mécaniques pour rejoindre son équipe dynamique à Casablanca.</p> <p>En tant que Concepteur Mécanique, vous serez en charge de développer des solutions innovantes et adaptées aux besoins de nos clients. Vos missions incluront :</p> <ul> <li>Analyser les spécifications techniques et les exigences des projets</li> <li>Concevoir et modéliser des pièces mécaniques à l'aide de logiciels CAO</li> <li>Collaborer avec les équipes de projet pour garantir la faisabilité des conceptions</li> <li>Réaliser des tests et validations sur prototypes</li> <li>Participer à la rédaction de la documentation technique</li> </ul> <p>Nous recherchons des candidats passionnés, ayant une solide formation en conception mécanique et une expérience pertinente dans le domaine.</p> <p>Rejoignez-nous pour participer à des projets innovants et contribuez à notre croissance à Casablanca!</p>",Other,junior,full_time,contact@segula.com,,SEGULA Technologies,https://www.dreamjob.ma/wp-content/uploads/2024/02/SEGULA-Technologies-Emploi-Recrutement.png,Casablanca,CAS,in_office,3536,2025-11-08T17:53:25.733190+00:00,https://serrbi-main-file-bucket.s3.amazonaws.com/company_logos/segula-technologies.png
Conseiller Banque Privée,"<p>La BMCI recherche des Conseillers Banque Privée pour renforcer ses équipes à Casablanca, Fès et Tanger. En tant que Conseiller Banque Privée, vous serez responsable de la gestion d'un portefeuille clients haut de gamme et de la proposition de solutions financières sur mesure.</p> <p>Vos principales missions incluront :</p> <ul> <li>Analyser les besoins financiers des clients et proposer des stratégies adaptées.</li> <li>Développer et fidéliser le portefeuille clients.</li> <li>Assurer un suivi personnalisé et régulier de chaque client.</li> <li>Collaborer avec les experts de la banque pour offrir des services variés tels que l'investissement, la gestion de patrimoine et la planification successorale.</li> </ul> <p>Nous recherchons des candidats ayant une formation en finance ou en gestion, avec une expérience significative dans le domaine bancaire. Une excellente capacité relationnelle et un sens aigu du service client sont des atouts essentiels pour réussir dans ce poste.</p>",Finance,junior,full_time,recrutement@bmci.ma,,BMCI,https://www.dreamjob.ma/wp-content/uploads/2021/02/BMCI-Emploi-Recrutement-1-750x393.png,Casablanca,CAS,hybrid,6910,2025-11-08T17:54:11.633864+00:00,https://serrbi-main-file-bucket.s3.amazonaws.com/company_logos/bmci.png
Agents Maintenance et Logistique,"<p>CAPEP recrute deux nouveaux talents pour renforcer ses équipes techniques dans le secteur du bâtiment et des travaux publics (BTP) et des services techniques. Dans le cadre de son développement et de la diversification de ses activités, CAPEP recherche des <strong>agents de maintenance</strong> et de <strong>logistique</strong>.</p> <p>Les missions principales des agents seront :</p> <ul> <li>Assurer la maintenance préventive et corrective des équipements et infrastructures.</li> <li>Gérer les stocks de matériaux et outils nécessaires aux interventions.</li> <li>Coordonner les livraisons et la distribution des équipements sur les chantiers.</li> <li>Participer à l'élaboration des plannings d'intervention.</li> </ul> <p>Nous recherchons des personnes dynamiques, autonomes et rigoureuses, prêtes à relever des défis au sein d'une entreprise en pleine croissance. Si vous êtes passionné par le secteur du BTP et souhaitez faire partie d'une équipe engagée, n'hésitez pas à postuler.</p>",Construction,junior,full_time,contact@capep.com,,CAPEP,https://www.dreamjob.ma/wp-content/uploads/2024/09/Capep.png,Casablanca,CAS,in_office,5760,2025-11-08T17:54:53.864849+00:00,https://serrbi-main-file-bucket.s3.amazonaws.com/company_logos/capep.png
Consultant en stratégie,"<p>ÆDGE Partners recherche un <strong>consultant en stratégie</strong> pour renforcer notre équipe et accompagner nos clients dans le développement de projets immobiliers innovants et durables.</p> <p>En tant que consultant en stratégie, vous aurez pour missions principales :</p> <ul> <li>Analyser le marché immobilier et identifier les opportunités de développement.</li> <li>Collaborer avec les équipes internes et les parties prenantes pour définir des stratégies adaptées.</li> <li>Élaborer des propositions de projets et des business plans.</li> <li>Réaliser des études de faisabilité et des analyses financières.</li> <li>Présenter vos recommandations aux clients et suivre la mise en œuvre des projets.</li> </ul> <p>Idéalement, vous avez une formation en économie, en gestion ou en urbanisme et une expérience dans le secteur immobilier.</p> <p>Rejoignez ÆDGE Partners et participez à la création de projets qui transforment les espaces de vie !</p>",Construction,senior,full_time,contact@aedge.ma,,ÆDGE Partners,https://www.dreamjob.ma/wp-content/uploads/2025/11/AEDGE-Partners.jpg,Casablanca,CAS,in_office,5217,2025-11-08T17:55:37.482763+00:00,https://serrbi-main-file-bucket.s3.amazonaws.com/company_logos/ædge-partners.png
Stagiaire en marketing,"<p>Nous sommes à la recherche d'un <strong>stagiaire en marketing</strong> dynamique et motivé pour rejoindre notre équipe. Au sein de notre entreprise, vous aurez l'opportunité de travailler sur divers projets et de contribuer activement à nos stratégies de communication et de marketing.</p><p>Vos missions incluront :</p><ul><li>Création de contenu pour nos réseaux sociaux et notre site web.</li><li>Assistance à la rédaction de newsletters et de ressources marketing.</li><li>Analyse des performances des campagnes et suivi des indicateurs clés.</li><li>Collaboration avec les équipes de vente et de produit pour élaborer des stratégies alignées.</li><li>Participation à des brainstorming pour développer de nouvelles idées de contenu et de campagne.</li></ul><p>Ce stage est une excellente opportunité pour acquérir une expérience pratique dans le domaine du marketing et pour développer vos compétences. Si vous êtes passionné par le marketing et que vous souhaitez évoluer dans un environnement stimulant, n'hésitez pas à postuler !</p>",Other,junior,internship,intern@aedge.ma,,ÆDGE Partners,https://www.dreamjob.ma/wp-content/uploads/2025/11/AEDGE-Partners.jpg,Casablanca,CAS,in_office,6524,2025-11-08T17:55:37.482777+00:00,https://serrbi-main-file-bucket.s3.amazonaws.com/company_logos/ædge-partners.png
Infirmier,"<p>Akdital, un leader dans le secteur de la santé, recrute des infirmiers pour plusieurs de ses établissements à travers le pays. Nous recherchons des professionnels passionnés par le soin et le bien-être des patients, dotés d'un excellent sens de la communication et d'une capacité à travailler en équipe.</p> <p>Les candidats retenus auront pour missions :</p> <ul> <li>Assurer la prise en charge des patients avec professionnalisme et bienveillance.</li> <li>Administrer les traitements prescrits et surveiller l'état de santé des patients.</li> <li>Collaborer avec l'équipe médicale pour garantir des soins de qualité.</li> <li>Participer à l'éducation et à la sensibilisation des patients et de leurs familles.</li> </ul> <p>Nous offrons un environnement de travail stimulant, des formations continues et des opportunités de développement de carrière. Rejoignez une équipe dynamique et contribuez à améliorer la vie de nos patients.</p>",Health,junior,full_time,recrutement@akdital.com,,Akdital,https://www.dreamjob.ma/wp-content/uploads/2024/03/Akdital-Emploi-Recrutement-750x393.png,Casablanca,CAS,in_office,5820,2025-11-08T17:56:24.611259+00:00,https://serrbi-main-file-bucket.s3.amazonaws.com/company_logos/akdital.png
Aide Opératoire,"<p>Akdital, leader dans le secteur de la santé, recherche des <strong>aides opératoires</strong> pour rejoindre ses différents établissements. Vous serez un membre clé de l'équipe médicale, travaillant en étroite collaboration avec les chirurgiens et le personnel médical.</p> <p><strong>Responsabilités :</strong></p> <ul> <li>Assister les chirurgiens lors des interventions chirurgicales.</li> <li>Préparer et stériliser le matériel et les instruments nécessaires à l'opération.</li> <li>Effectuer des tâches de soutien avant, pendant et après les procédures chirurgicales.</li> <li>Veiller à la conformité des normes d'hygiène et de sécurité dans le bloc opératoire.</li> </ul> <p><strong>Qualifications requises :</strong></p> <ul> <li>Diplôme en aide opératoire ou en soins infirmiers avec formation en bloc opératoire.</li> <li>Bonne capacité à travailler en équipe et sous pression.</li> <li>Excellente communication et rigueur professionnelle.</li> </ul> <p>Rejoignez-nous pour contribuer à des soins de qualité et faire la différence dans la vie des patients.</p>",Health,junior,full_time,recrutement@akdital.com,,Akdital,https://www.dreamjob.ma/wp-content/uploads/2024/03/Akdital-Emploi-Recrutement-750x393.png,Fez,FES,in_office,3991,2025-11-08T17:56:24.611272+00:00,https://serrbi-main-file-bucket.s3.amazonaws.com/company_logos/akdital.png
Infirmier,"<p>Nous sommes à la recherche d'infirmiers qualifiés pour rejoindre notre équipe dynamique à Marrakech. En tant qu'infirmier, vous serez responsable des soins aux patients, de l'administration des médicaments et du soutien aux médecins dans un environnement médical stimulant.</p><ul><li>Assurer des soins de qualité aux patients dans différents services</li><li>Travailler en collaboration avec les médecins et autres professionnels de la santé</li><li>Administrer des traitements conformément aux prescriptions médicales</li><li>Participer à l'éducation des patients et de leurs familles sur les soins de santé</li></ul><p>Si vous êtes passionné par les soins aux patients et souhaitez faire partie d'une équipe dédiée, veuillez soumettre votre candidature dès aujourd'hui.</p>",Health,mid_level,full_time,recrutement@akdital.com,,Akdital,https://www.dreamjob.ma/wp-content/uploads/2024/03/Akdital-Emploi-Recrutement-750x393.png,Marrakech,MAR,in_office,6229,2025-11-08T17:56:24.611276+00:00,https://serrbi-main-file-bucket.s3.amazonaws.com/company_logos/akdital.png
Conseillers de Vente,"<p>Mievic recrute des Conseiller(e)s de Vente à Casablanca – Almaz. Marque internationale de retail présente dans plus de 20 pays et comptant plus de 1 000 magasins franchisés à travers l’Asie, l’Afrique, le Moyen-Orient et les Amériques, Mievic s’impose comme une enseigne moderne et dynamique offrant une expérience shopping unique.</p><p>Nous recherchons des conseillers de vente passionnés par le service client et capables de travailler dans un environnement dynamique. Vous serez responsable de :</p><ul><li>Accueillir et conseiller les clients sur nos produits</li><li>Assurer une présentation optimale des espaces de vente</li><li>Gérer les transactions et la caisse avec précision</li><li>Participer aux opérations de réassort et à la gestion des stocks</li></ul><p>Nous offrons un salaire attractif et des possibilités d’évolution au sein de notre enseigne. Rejoignez une équipe enthousiaste et dynamique !</p>",Other,junior,full_time,contact@mievic.com,,Mievic,https://www.dreamjob.ma/wp-content/uploads/2021/10/Mievic-Emploi-Recrutement-1.png,Casablanca,CAS,in_office,5341,2025-11-08T17:57:04.519084+00:00,https://serrbi-main-file-bucket.s3.amazonaws.com/company_logos/mievic.png
Hôtesses d’Accueil et Standardistes,"<p>Baco Protect, un acteur majeur des métiers de la protection et des services à la personne, recrute des Hôtesses d’Accueil et des Standardistes en CDI. Nous recherchons des candidats dynamiques, souriants et professionnels pour rejoindre notre équipe.</p><p><strong>Vos missions :</strong></p><ul><li>Accueil physique et téléphonique des clients et visiteurs</li><li>Gestion des appels entrants et sortants</li><li>Orientation des visiteurs vers les services appropriés</li><li>Gestion de l’agenda et des réservations</li><li>Assistance à l'organisation d'événements internes</li></ul><p><strong>Profil recherché :</strong></p><ul><li>Excellentes compétences en communication</li><li>Expérience en accueil ou en standard téléphonique souhaitée</li><li>Maîtrise des outils bureautiques</li><li>Sens du service et sens de l'écoute</li></ul><p>Rejoignez une entreprise en pleine croissance et participez à notre mission de service de qualité!</p>",Hospitality,mid_level,full_time,contact@bacoprotect.com,,Baco Protect,https://www.dreamjob.ma/wp-content/uploads/2021/11/Jamain-Baco-Emploi-Recrutement.png,Casablanca,CAS,in_office,6322,2025-11-08T17:57:45.428515+00:00,https://serrbi-main-file-bucket.s3.amazonaws.com/company_logos/baco-protect.png
Ingénieurs,"<p>Maroc Fer, une entreprise dynamique et en pleine expansion dans le secteur de la métallurgie, est à la recherche de nouveaux talents pour renforcer ses équipes. Présente sur le marché depuis 1975, nous avons su établir notre réputation grâce à notre savoir-faire et notre engagement envers la qualité.</p>
<p>Nous offrons un environnement de travail stimulant où innovation et travail d'équipe sont au cœur de notre réussite. Nous recherchons des candidats passionnés par le secteur de la métallurgie, désireux de contribuer à notre croissance et de développer leurs compétences au sein d'une entreprise leader.</p>
<ul>
    <li><strong>Postes à pourvoir :</strong> Ingénieurs, Techniciens, Opérateurs</li>
    <li><strong>in_officeisation :</strong> Maroc</li>
    <li><strong>Type de contrat :</strong> CDI, CDD</li>
</ul>
<p>Si vous êtes motivé(e) et prêt(e) à relever de nouveaux défis, n’hésitez pas à nous envoyer votre candidature !</p>",Other,mid_level,full_time,recrutement@marocfer.ma,,Maroc Fer,https://www.dreamjob.ma/wp-content/uploads/2025/11/Maroc-Fer.png,Casablanca,CAS,in_office,3967,2025-11-08T17:58:33.441751+00:00,https://serrbi-main-file-bucket.s3.amazonaws.com/company_logos/maroc-fer.png
Ingénieurs métallurgistes,"<p>Maroc Fer, une entreprise leader dans le secteur de la métallurgie, recrute actuellement pour renforcer son équipe à Casablanca. Nous recherchons des professionnels passionnés et motivés pour rejoindre notre équipe dynamique.</p> <p>Vous aurez l'occasion de travailler dans un environnement stimulant et d'accéder à des opportunités de développement de carrière dans un secteur en pleine expansion. Les postes disponibles comprennent plusieurs domaines d'expertise, allant de la production à la gestion des opérations.</p> <ul> <li>Postes disponibles :</li> <li>Ingénieurs métallurgistes</li> <li>Techniciens en fabrication</li> <li>Responsables de la qualité</li> <li>Agents de maintenance</li> </ul> <p>Nous offrons des conditions de travail intéressantes, une rémunération compétitive et des chances d'évolution au sein de notre entreprise. Si vous êtes intéressé, n'hésitez pas à postuler !</p>",Other,mid_level,full_time,recrutement@marocfer.ma,,Maroc Fer,https://www.dreamjob.ma/wp-content/uploads/2025/11/Maroc-Fer.png,Casablanca,CAS,in_office,6940,2025-11-08T17:58:33.441766+00:00,https://serrbi-main-file-bucket.s3.amazonaws.com/company_logos/maroc-fer.png
Opérateur de production,"<p>Rejoignez <strong>Maroc Fer</strong> à Casablanca et devenez une pièce maîtresse de notre croissance dans le secteur de la métallurgie. Nous sommes à la recherche de personnes dynamiques et passionnées par l'industrie pour contribuer à notre développement.</p><ul><li><strong>Poste:</strong> Opérateur de production</li><li><strong>in_officeisation:</strong> Casablanca, Maroc</li><li><strong>Type de contrat:</strong> CDI</li></ul><p>En tant qu'opérateur de production, vous serez responsable de :</p><ul><li>Assurer le bon fonctionnement des machines de production</li><li>Contrôler la qualité des produits fabriqués</li><li>Participer à l'optimisation des processus de fabrication</li></ul><p>Nous offrons un environnement de travail stimulant, des opportunités de formation et un package de rémunération compétitif.</p>",Other,mid_level,full_time,recrutement@marocfer.ma,,Maroc Fer,https://www.dreamjob.ma/wp-content/uploads/2025/11/Maroc-Fer.png,Casablanca,CAS,in_office,6669,2025-11-08T17:58:33.441770+00:00,https://serrbi-main-file-bucket.s3.amazonaws.com/company_logos/maroc-fer.png
Sothema recrute pour son équipe Stratégie et M&A,"<p>Sothema, un acteur incontournable dans le secteur pharmaceutique, recrute pour son équipe Stratégie et Fusions-Acquisitions (M&A). Nous recherchons un professionnel talentueux et motivé pour rejoindre notre équipe dynamique et contribuer à notre croissance stratégique.</p><p><strong>Vos responsabilités incluront :</strong></p><ul><li>Analyser les opportunités de marché et élaborer des recommandations stratégiques.</li><li>Participer à la conduite des due diligences lors des transactions de fusion et d'acquisition.</li><li>Collaborer avec différentes équipes internes pour intégrer les projets M&A au sein de l'organisation.</li><li>Suivre les tendances du marché et de la concurrence afin d'informer la direction des opportunités et des risques disponibles.</li></ul><p><strong>Exigences :</strong></p><ul><li>Diplôme en finance, en commerce ou dans un domaine connexe.</li><li>Expérience significative dans un rôle similaire, idéalement dans le secteur pharmaceutique.</li><li>Excellentes compétences analytiques et de communication.</li><li>Capacité à travailler sous pression et à gérer plusieurs projets simultanément.</li></ul><p>Rejoignez Sothema et participez à des projets excitants qui façonneront l'avenir de notre entreprise !</p>",Finance,mid_level,full_time,recruitment@sothema.com,,Sothema,https://www.dreamjob.ma/wp-content/uploads/2022/02/Sothema-Emploi-Recrutement-3-750x393.png,Casablanca,CAS,in_office,4951,2025-11-08T17:59:12.859890+00:00,https://serrbi-main-file-bucket.s3.amazonaws.com/company_logos/sothema.png
Gestionnaire Clientèle,"<p>Attijariwafa Bank recherche des <strong>Gestionnaires Clientèle</strong> pour plusieurs villes. Le gestionnaire clientèle aura pour mission principale de gérer un portefeuille de clients tout en garantissant un service à la clientèle exemplaire.</p> <p>Les responsabilités incluent :</p> <ul> <li>Établir et maintenir des relations solides avec les clients afin de comprendre leurs besoins financiers.</li> <li>Conseiller les clients sur les produits bancaires et financiers adaptés à leurs objectifs.</li> <li>Vendre des produits financiers tels que des comptes d'épargne, des prêts et des investissements.</li> <li>Assurer un suivi des transactions et des opérations financières pour garantir la satisfaction client.</li> <li>Collaborer avec d'autres départements de la banque pour optimiser l'expérience client.</li> </ul> <p>Les candidats idéaux posséderont d'excellentes compétences en communication, une solide connaissance des produits bancaires et une expérience préalable dans un rôle similaire. Rejoignez-nous et contribuez à notre mission d'offrir un service de qualité supérieure à notre clientèle.</p>",Finance,junior,full_time,recrutement@attijariwafa.com,,Attijariwafa Bank,https://www.dreamjob.ma/wp-content/uploads/2022/01/Attijariwafa-Bank-Emploi-Recrutement-14-750x393.png,Casablanca,CAS,in_office,3435,2025-11-08T17:59:56.342062+00:00,https://serrbi-main-file-bucket.s3.amazonaws.com/company_logos/attijariwafa-bank.png
Recrutement Ingelec,"<p>Ingelec, une entreprise marocaine leader dans le secteur de l'électroménager, est en pleine expansion et recrute plusieurs profils à Casablanca. Dans le cadre de notre développement, nous recherchons des candidats qualifiés, passionnés et motivés pour renforcer nos équipes. </p><p>Nous offrons des opportunités variées dans différents domaines tels que :</p><ul><li>Le développement commercial</li><li>La gestion de la production</li><li>Le service client</li><li>La recherche et le développement de nouveaux produits</li><li>Le marketing et la communication</li></ul><p>Rejoignez-nous pour faire partie d’une équipe dynamique et contribuez à notre succès en innovant et en améliorant notre gamme de produits électroménagers.</p><p>Si vous êtes intéressé par cette opportunité, n’hésitez pas à envoyer votre candidature avec un CV à jour et une lettre de motivation.</p>",Other,junior,full_time,contact@ingelec.ma,,Ingelec,https://www.dreamjob.ma/wp-content/uploads/2022/02/Ingelec-Emploi-Recrutement-3.png,Casablanca,CAS,in_office,4059,2025-11-08T18:00:37.608165+00:00,https://serrbi-main-file-bucket.s3.amazonaws.com/company_logos/ingelec.png
Hydro Advisor lances une campagne urgente de recrutement,"<p>Hydro Advisor, un bureau d’ingénieurs-conseils situé à Rabat, au Maroc, est en pleine expansion et lance une campagne urgente de recrutement. Nous recrutons des professionnels passionnés qui souhaitent contribuer à des projets d'ingénierie innovants et d'assistance technique auprès de nos clients.</p> <p>Nos domaines d'intervention comprennent :</p> <ul> <li>Ingénierie</li> <li>Conseil</li> <li>Assistance technique</li> </ul> <p>Si vous êtes motivé(e) et possédez de solides compétences dans ces domaines, rejoignez notre équipe dynamique et engageante. Envoyez-nous votre candidature dès aujourd'hui !</p>",Other,junior,full_time,contact@hydroadvisor.ma,,Hydro Advisor,https://www.dreamjob.ma/wp-content/uploads/2025/03/Hydro-Advisor.jpg,Rabat,RAB,in_office,6116,2025-11-08T18:01:31.838561+00:00,https://serrbi-main-file-bucket.s3.amazonaws.com/company_logos/hydro-advisor.png
Commerciaux en Ameublement,"<p>Zamzam Home, une entreprise dynamique et innovante, recrute des commerciaux talentueux pour sa nouvelle grande surface dédiée à l’ameublement et à la décoration intérieure. Nous recherchons des individus passionnés par le design et l’aménagement intérieur, prêts à offrir un service client exceptionnel et à contribuer à notre croissance.</p> <p>Vos principales missions incluront :</p> <ul> <li>Accueillir et conseiller les clients sur nos produits d’ameublement et de décoration.</li> <li>Développer et entretenir des relations solides avec nos clients.</li> <li>Atteindre et dépasser les objectifs de vente fixés.</li> <li>Participer à l’organisation et à la mise en place d’animations commerciales et d’événements en magasin.</li> <li>Veiller à la bonne présentation des produits et à la gestion des stocks.</li> </ul> <p>Pour réussir dans ce poste, vous devez avoir un excellent sens de la communication, une forte motivation pour la vente, ainsi qu'une connaissance ou un intérêt pour le secteur de l'ameublement. Une expérience préalable dans un poste similaire serait un atout.</p> <p>Rejoignez notre équipe et participez à la création d'un espace inspirant pour nos clients !</p>",Other,junior,full_time,contact@zamzamhome.ma,,Zamzam Home,https://www.dreamjob.ma/wp-content/uploads/2025/10/Zamzam-Home.jpg,Marrakech,MAR,in_office,5627,2025-11-08T18:02:18.723846+00:00,https://serrbi-main-file-bucket.s3.amazonaws.com/company_logos/zamzam-home.png
Agents de Caisse,"<p>Zamzam Home, acteur majeur dans le secteur de l'ameublement et de la décoration intérieure, recrute des agents de caisse pour renforcer son équipe au sein de sa grande surface.</p> <p>En tant qu'agent de caisse, vous serez responsable des tâches suivantes :</p> <ul> <li>Accueillir et orienter les clients dans le magasin.</li> <li>Effectuer les opérations de caisses avec précision.</li> <li>Assurer la gestion des transactions financières.</li> <li>Répondre aux questions des clients concernant les produits et les services.</li> <li>Collaborer avec les autres membres de l'équipe pour garantir une expérience client optimale.</li> </ul> <p>Nous recherchons des candidats dynamiques, ayant le sens du service et capables de travailler dans un environnement stimulant. Une expérience précédente dans un poste similaire est un atout.</p> <p>Rejoignez-nous et participez à l'aventure Zamzam Home !</p>",Other,junior,full_time,contact@zamzamhome.ma,,Zamzam Home,https://www.dreamjob.ma/wp-content/uploads/2025/10/Zamzam-Home.jpg,Marrakech,MAR,in_office,6629,2025-11-08T18:02:18.723864+00:00,https://serrbi-main-file-bucket.s3.amazonaws.com/company_logos/zamzam-home.png
Responsable Logistique,"<p>La Société de Distribution, un acteur majeur dans le secteur de la logistique, cherche à recruter un <strong>Responsable Logistique</strong>. Ce poste clé consiste à gérer et optimiser l'ensemble de la logistique au sein de l'entreprise. Vous aurez pour mission de :</p><ul><li>Analyser et améliorer les processus logistiques actuels.</li><li>Mettre en œuvre des stratégies pour réduire les coûts et augmenter l'efficacité des opérations.</li><li>Coordonner les équipes de transport, de stockage et de distribution.</li><li>Assurer la gestion des stocks et des approvisionnements.</li><li>Établir des indicateurs de performance et en assurer le suivi.</li></ul><p>Nous recherchons un candidat ayant une solide expérience en logistique, une excellente capacité d'analyse et de communication ainsi qu'une grande rigueur dans la gestion des opérations.</p>",Other,senior,full_time,contact@societededistribution.ma,,Société de Distribution,https://www.dreamjob.ma/wp-content/uploads/2023/09/DJ-LOGO-HD-3.svg,Casablanca,CAS,in_office,5790,2025-11-08T18:03:00.342138+00:00,
Professeur Permanent d’Anglais,"<p>Le Grand Groupe Scolaire Privé, situé à Témara, recherche un <strong>professeur permanent d’anglais</strong> pour enseigner aux élèves du primaire. Nous accueillons les candidatures de professionnels seniors et passionnés par l'enseignement et le développement linguistique des jeunes apprenants.</p><p><strong>Responsabilités :</strong></p><ul><li>Préparer et dispenser des cours d’anglais adaptés au niveau des élèves.</li><li>Évaluer les progrès des élèves et adapter les méthodes d'enseignement en conséquence.</li><li>Créer un environnement d'apprentissage positif et stimulant.</li><li>Collaborer avec les autres enseignants et le personnel de l'école pour assurer une cohérence pédagogique.</li></ul><p><strong>Qualifications :</strong></p><ul><li>Diplôme en enseignement de l'anglais ou dans un domaine connexe.</li><li>Expérience antérieure dans l'enseignement, de préférence au niveau primaire.</li><li>Compétences en communication et en gestion de classe.</li></ul><p>Si vous êtes passionné par l'enseignement et souhaitez rejoindre une institution engagée dans l'excellence académique, veuillez soumettre votre candidature.</p>",Education,senior,full_time,contact@grandgroupescolaire.com,,Grand Groupe Scolaire Privé,https://www.dreamjob.ma/wp-content/uploads/2023/09/DJ-LOGO-HD-3.svg,Témara,MAR,in_office,4938,2025-11-08T18:03:42.265353+00:00,
Intermédiaire d'Assurance,"<p>Rejoignez <strong>AXA Assurance Maroc</strong> et devenez <strong>Intermédiaire d'Assurance</strong>. Nous recherchons des candidats passionnés par le secteur de l'assurance et désireux de développer leur carrière.</p><p>Dans ce rôle, vous aurez l'occasion de :</p><ul><li>Développer votre propre portefeuille clients.</li><li>Conseiller et orienter les clients sur les produits d'assurance adaptés à leurs besoins.</li><li>Travailler au sein d'une équipe dynamique et motivée.</li><li>Bénéficier d'une formation continue pour enrichir vos compétences professionnelles.</li></ul><p>Si vous aimez le contact humain et avez un sens aigu du service client, cette offre est faite pour vous ! Envoyez-nous votre candidature dès aujourd'hui.</p>",Finance,junior,full_time,contact@axa.ma,,AXA Assurance Maroc,https://www.dreamjob.ma/wp-content/uploads/2023/09/DJ-LOGO-HD-3.svg,Casablanca,CAS,hybrid,6072,2025-11-08T18:04:29.220960+00:00,
Responsable des Opérations,"<p>L’entreprise <strong>Magic Carnations</strong> recherche un <strong>Responsable des Opérations</strong> pour gérer et optimiser les flux logistiques. Vous serez chargé(e) de superviser les équipes opérationnelles et d'assurer l'efficacité des processus en place.</p><p>Les missions principales incluent :</p><ul><li>Supervision et management des équipes opérationnelles</li><li>Analyse des processus logistiques pour identifier des opportunités d'amélioration</li><li>Gestion et développement des relations avec les fournisseurs</li><li>Coordination des activités liées à la chaîne d'approvisionnement</li><li>Reporting et suivi des indicateurs de performance</li></ul><p>Nous recherchons un candidat proactif, capable de travailler dans un environnement dynamique et de s'adapter aux évolutions du marché.</p>",Other,mid_level,full_time,contact@magic-carnations.com,,Magic Carnations,https://www.dreamjob.ma/wp-content/uploads/2025/01/Magic-Carnations.jpg,Tangier,TNG,in_office,5713,2025-11-08T18:05:21.495701+00:00,https://serrbi-main-file-bucket.s3.amazonaws.com/company_logos/magic-carnations.png
Chargé de Marketing Digital,"<p>Nous recherchons un <strong>Chargé de Marketing Digital</strong> passionné et dynamique pour rejoindre notre équipe. Dans ce rôle, vous serez chargé de :</p> <ul> <li>Développer et exécuter des campagnes de communication digitale efficaces sur diverses plateformes (réseaux sociaux, email marketing, site web, etc.)</li> <li>Suivre et analyser les performances des campagnes à l'aide d'outils d'analyse pour optimiser les résultats</li> <li>Collaborer avec les équipes créatives pour concevoir des visuels et des contenus attrayants</li> <li>Rester à jour sur les tendances du marketing digital et les meilleures pratiques</li> <li>Gérer le budget des campagnes tout en maximisant le retour sur investissement</li> </ul> <p>Si vous êtes motivé par les défis et souhaitez contribuer à l'accroissement de notre présence en ligne, nous serions ravis de recevoir votre candidature.</p>",Other,junior,full_time,contact@magic-carnations.com,,Magic Carnations,https://www.dreamjob.ma/wp-content/uploads/2025/01/Magic-Carnations.jpg,Tangier,TNG,hybrid,3000,2025-11-08T18:05:21.495727+00:00,https://serrbi-main-file-bucket.s3.amazonaws.com/company_logos/magic-carnations.png
Agent de Televente Francophone,"<p>Nous recherchons un <strong>Agent de Televente Francophone</strong> passionné par la vente et le service client. Vous serez en charge de la vente d'un produit haut de gamme par téléphone. Vos principales missions incluront :</p><ul><li>Convaincre les clients de la valeur du produit proposé</li><li>Fidéliser la clientèle par un suivi professionnel et attentif</li><li>Répondre aux questions et préoccupations des clients avec aisance</li><li>Participer à l’atteinte des objectifs de vente mensuels</li></ul><p>Si vous avez une excellente communication et un sens aigu des relations interpersonnelles, n'hésitez pas à postuler !</p>",CallCenter,junior,full_time,contact@admvalue.ma,,ADM Value,https://www.dreamjob.ma/wp-content/uploads/2023/11/ADM-Value-Emploi-Recrutement-2-750x393.png,Rabat,RAB,in_office,6667,2025-11-08T18:06:09.573211+00:00,https://serrbi-main-file-bucket.s3.amazonaws.com/company_logos/adm-value.png
Conseiller Clientèle,"<p>Nous recherchons un <strong>Conseiller Clientèle</strong> dynamique et motivé pour rejoindre notre équipe au sein de notre centre d'appels. Votre rôle principal sera de gérer les appels entrants et sortants en fournissant des conseils et en apportant des solutions adaptées aux besoins de nos clients.</p> <p>Responsabilités : </p> <ul> <li>Répondre aux demandes des clients par téléphone avec professionnalisme.</li> <li>Analyser les besoins des clients et leur proposer des solutions appropriées.</li> <li>Assurer le suivi des dossiers clients et mettre à jour les informations dans notre base de données.</li> <li>Travailler en étroite collaboration avec les autres départements pour garantir la satisfaction client.</li> <li>Participer à des formations régulières pour améliorer vos compétences.</li> </ul> <p>Qualifications : </p> <ul> <li>Excellentes compétences en communication verbale.</li> <li>Capacité à travailler dans un environnement dynamique.</li> <li>Expérience précédente dans un rôle similaire est un atout.</li> <li>Bonne maîtrise des outils informatiques.</li> </ul> <p>Si vous êtes passionné par le service à la clientèle et que vous recherchez une nouvelle opportunité, n'hésitez pas à postuler dès maintenant !</p>",CallCenter,junior,full_time,contact@admvalue.ma,,ADM Value,https://www.dreamjob.ma/wp-content/uploads/2023/11/ADM-Value-Emploi-Recrutement-2-750x393.png,Rabat,RAB,in_office,3627,2025-11-08T18:06:09.573225+00:00,https://serrbi-main-file-bucket.s3.amazonaws.com/company_logos/adm-value.png